duplicate_group_id,referenceID,longitude,latitude,transaction_type,price,property_type,property_subtype,seller_id,postal_code,date_of_construction,property_condition,livable_surface,number_of_bedrooms,number_of_bathrooms,elevator,terrace,furnished,availability,province,street,street_number,garage,land_surface,energy_consumption,garden,balcony,swimming_pool,og_row_number,decision
1,rbw20311,2.5937598,51.1009463,Sale,579000,House,Villa,42619,8660,,Normal,181.0,4.0,1.0,False,,False,,West vlaanderen,Meeuwenlaan,26.0,1.0,399.0,,,,,12520,
1,rbw20310,2.5937598,51.1009463,Sale,579000,House,Villa,42619,8660,,Normal,181.0,4.0,1.0,False,,False,,West vlaanderen,Meeuwenlaan,26.0,1.0,399.0,,,,,12512,
2,rbw12387,2.6141814,51.1086131,Sale,299000,Appartment,Flat,40529,8670,2014.0,Fully renovated,83.0,2.0,,True,,,,West vlaanderen,Smeyerslaan,7.0,,,,,,,13024,
2,rbv66910,2.6141814,51.1086131,Sale,299000,Appartment,Flat,40529,8670,2014.0,Fully renovated,83.0,2.0,,True,,,,West vlaanderen,Smeyerslaan,7.0,,,,,,,13035,
3,rbv66907,2.6195263,51.1144268,Sale,469000,Appartment,Penthouse,40529,8670,,Fully renovated,85.0,2.0,1.0,True,,,,West vlaanderen,Koninginnelaan,64.0,,,,,,,12714,
3,rbw26161,2.6195263,51.1144268,Sale,469000,Appartment,Penthouse,40529,8670,,Fully renovated,85.0,2.0,1.0,True,,,,West vlaanderen,Koninginnelaan,64.0,,,,,,,12333,
4,rbw24820,3.00473,51.18452,Sale,348500,House,House,30482,8460,,,133.0,3.0,,,,,,West vlaanderen,Oude Brugseweg,11.0,,231.0,,,,,12413,
4,rbw24818,3.00473,51.18452,Sale,348500,House,House,30482,8460,,,133.0,3.0,,,,,,West vlaanderen,Oude Brugseweg,11.0,,232.0,,,,,12422,
5,rbw26019,3.12337,50.94466,Sale,197891,House,House,30482,8800,,,75.0,1.0,,,,,,West vlaanderen,Simonne Brugghestraat,26.0,,,,,,,12329,
5,rbw26013,3.12337,50.94466,Sale,197891,House,House,30482,8800,,,75.0,1.0,,,,,,West vlaanderen,Simonne Brugghestraat,26.0,,,,,,,12332,
6,rbw26021,3.12337,50.94466,Sale,203773,House,House,30482,8800,,New,76.0,1.0,,,,,,West vlaanderen,Simonne Brugghestraat,26.0,,431.0,,,,,12324,
6,rbw26014,3.12337,50.94466,Sale,203773,House,House,30482,8800,,New,76.0,1.0,,,,,,West vlaanderen,Simonne Brugghestraat,26.0,,347.0,,,,,12339,
7,rbw26018,3.12337,50.94466,Sale,288000,House,House,30482,8800,,,140.0,3.0,,,,,,West vlaanderen,Gitsestraat,545.0,,230.0,,,,,12323,
7,rbw26016,3.12337,50.94466,Sale,288000,House,House,30482,8800,,,140.0,3.0,,,,,,West vlaanderen,Gitsestraat,545.0,,237.0,,,,,12325,
7,rbw26015,3.12337,50.94466,Sale,288000,House,House,30482,8800,,,140.0,3.0,,,,,,West vlaanderen,Gitsestraat,545.0,,234.0,,,,,12327,
8,rbv87497,3.1327685,51.3123743,Sale,439900,Appartment,Flat,38339,8370,2026.0,New,119.0,2.0,1.0,True,,,,West vlaanderen,,,,,,,,,12768,
8,rbv87496,3.1327685,51.3123743,Sale,439900,Appartment,Flat,38339,8370,2026.0,New,119.0,2.0,1.0,True,,,,West vlaanderen,,,,,,,,,12780,
9,rbv87490,3.1327685,51.3123743,Sale,698000,Appartment,Flat,38339,8370,2026.0,New,152.0,3.0,2.0,True,,,,West vlaanderen,,,,,,,,,12791,
9,rbv87492,3.1327685,51.3123743,Sale,698000,Appartment,Flat,38339,8370,2026.0,New,152.0,3.0,2.0,True,,,,West vlaanderen,,,,,,,,,12777,
10,rbw18876,3.1360764,51.143657,Sale,355000,House,House,39262,8210,1918.0,Excellent,214.0,4.0,1.0,,,,,West vlaanderen,Sint-Laurentiusstraat,2.0,1.0,320.0,,,,,12598,
10,rbw17385,3.1360764,51.143657,Sale,355000,House,House,39262,8210,1918.0,Excellent,214.0,4.0,1.0,,,,,West vlaanderen,Sint-Laurentiusstraat,2.0,1.0,320.0,,,,,12625,
11,rbw20315,3.137704,51.3181959,Sale,285000,Appartment,Flat,40533,8370,2025.0,New,63.0,1.0,1.0,True,2.0,False,,West vlaanderen,Verweehelling,1.0,,,,,,,12506,
11,rbw20316,3.137704,51.3181959,Sale,285000,Appartment,Flat,40533,8370,2025.0,New,63.0,1.0,1.0,True,2.0,False,,West vlaanderen,Verweehelling,1.0,,,,,,,12505,
12,rbw17387,3.2132089,51.1944354,Sale,315000,Appartment,Flat,39262,8200,1964.0,,96.0,2.0,1.0,True,,,,West vlaanderen,Koning Albert I-laan,44.0,1.0,,,,,,12642,
12,rbw16759,3.2132089,51.1944354,Sale,315000,Appartment,Flat,39262,8200,1964.0,,96.0,2.0,1.0,True,,,,West vlaanderen,Koning Albert I-laan,44.0,1.0,,,,,,12690,
13,vbe33605,3.219272,50.7459126,Sale,215000,House,House,33262,7700,1970.0,Normal,143.0,3.0,1.0,False,,False,On contract,Hainaut,,,1.0,167.0,57470.0,70.0,False,,8076,
13,vbe34402,3.219272,50.7459126,Sale,215000,House,House,38349,7700,,,143.0,3.0,1.0,False,,False,,Hainaut,,,1.0,167.0,,,,,7995,
14,rbw26001,3.26764,50.99497,Sale,370775,House,House,30482,8740,,New,146.0,3.0,,,,,,West vlaanderen,Koffiestraat,3.0,,225.0,,,,,12349,
14,rbw25999,3.26764,50.99497,Sale,370775,House,House,30482,8740,,New,146.0,3.0,,,,,,West vlaanderen,Koffiestraat,3.0,,225.0,,,,,12352,
15,vbe35546,3.3880367,50.6056059,Sale,399000,House,House,46251,7500,,,285.0,5.0,2.0,False,,False,,Hainaut,,,,213.0,,,,,7893,
15,vbe35547,3.3880367,50.6056059,Sale,399000,House,House,43090,7500,,,285.0,5.0,2.0,False,,False,,Hainaut,,,,213.0,,,,,7902,
16,rbw11490,3.4180973,51.1374392,Sale,259000,Appartment,Flat,42483,9910,2010.0,,91.0,2.0,2.0,True,,,On contract,Oost vlaanderen,Maldegemseweg,1.0,,,,,False,,11231,
16,rbv65620,3.4180973,51.1374392,Sale,259000,Appartment,Flat,42483,9910,2010.0,,91.0,2.0,2.0,True,,,On contract,Oost vlaanderen,Maldegemseweg,1.0,,,,,False,,11220,
17,rbw15990,3.5610313,50.6827667,Sale,2280000,House,Cottage,33620,7910,,Excellent,1500.0,7.0,4.0,False,,False,,Hainaut,,,10.0,20000.0,,150000.0,,True,8283,
17,rbw15992,3.5610313,50.6827667,Sale,2280000,House,Cottage,33620,7910,,Excellent,1500.0,7.0,4.0,False,,False,,Hainaut,,,10.0,20000.0,,150000.0,,True,8250,
18,rbw09148,3.5894925,50.7843512,Sale,199500,House,House,47353,9680,,To be renovated,145.0,3.0,1.0,,,,,Oost vlaanderen,Rijksweg,66.0,2.0,848.0,,,,,11333,
18,rbv86908,3.5894925,50.7843512,Sale,199500,House,House,47353,9680,,To be renovated,145.0,3.0,1.0,,,,,Oost vlaanderen,Rijksweg,66.0,2.0,848.0,,,,,10960,
19,rbv82654,3.5938077,50.7461535,Sale,375000,House,MasterHouse,33620,9600,1899.0,Normal,400.0,5.0,3.0,False,,False,,Oost vlaanderen,Alexandre-Louis Vanhovestraat,27.0,,320.0,,100.0,,False,10963,
19,rbv82653,3.5938077,50.7461535,Sale,375000,House,MasterHouse,33620,9600,1899.0,Normal,400.0,5.0,3.0,False,,False,,Oost vlaanderen,Alexandre-Louis Vanhovestraat,27.0,,320.0,,100.0,,False,10967,
20,rbw12072,3.595602,50.7434276,Sale,427850,House,House,49291,9600,2026.0,New,175.0,3.0,1.0,,,,,Oost vlaanderen,Pierre d'Hauwerstraat,25.0,1.0,215.0,,,,,11175,
20,rbw12073,3.595602,50.7434276,Sale,427850,House,House,49291,9600,2026.0,New,175.0,3.0,1.0,,,,,Oost vlaanderen,Pierre d'Hauwerstraat,25.0,1.0,215.0,,,,,11166,
21,rbw02410,3.6036951,50.7356609,Sale,349000,House,House,47353,9600,,Excellent,191.0,3.0,2.0,,,,,Oost vlaanderen,Ernest Solvaystraat,37.0,,167.0,,,,,10948,
21,rbw09149,3.6036951,50.7356609,Sale,349000,House,House,47353,9600,,Excellent,191.0,3.0,2.0,,,,,Oost vlaanderen,Ernest Solvaystraat,37.0,,167.0,,,,,11335,
22,rbw18858,3.6152632,50.7349257,Sale,255000,House,House,47353,9600,,To be renovated,240.0,3.0,1.0,,,,,Oost vlaanderen,Deurnestraat,36.0,1.0,1447.0,,,,,10483,
22,rbw18859,3.6152632,50.7349257,Sale,255000,House,House,47353,9600,,To be renovated,240.0,3.0,1.0,,,,,Oost vlaanderen,Deurnestraat,36.0,1.0,1447.0,,,,,10487,
23,rbw13566,3.6304023,50.7516205,Sale,325000,House,House,49291,9600,2026.0,New,108.0,3.0,1.0,,,,,Oost vlaanderen,Lorettestraat,0.0,,179.0,,,,,11055,
23,rbw12075,3.6304023,50.7516205,Sale,325000,House,House,49291,9600,2026.0,New,108.0,3.0,1.0,,,,,Oost vlaanderen,Lorettestraat,0.0,,179.0,,,,,11160,
24,rbw10666,3.6751829,50.7928312,Sale,595000,House,MixedBuilding,33620,9688,,Excellent,200.0,1.0,1.0,False,,True,On contract,Oost vlaanderen,Langestraat,31.0,1.0,1222.0,,,,,11273,
24,rbw10725,3.6751829,50.7928312,Sale,595000,House,MixedBuilding,33620,9688,,Excellent,200.0,1.0,,False,,,On contract,Oost vlaanderen,Langestraat,31.0,1.0,1222.0,,,,,11262,
25,rbw18718,3.7289545,51.0867792,Sale,269000,Appartment,Flat,40100,9000,1957.0,Normal,75.0,2.0,1.0,True,3.0,,,Oost vlaanderen,Marseillestraat,202.0,,,,,,,10489,
25,rbw18720,3.7289545,51.0867792,Sale,269000,Appartment,Flat,40100,9000,1957.0,Normal,75.0,2.0,1.0,True,3.0,,,Oost vlaanderen,Marseillestraat,202.0,,,,,,,10770,
26,rbw13307,3.7485058,51.0478833,Sale,209000,Appartment,FlatStudio,32719,9000,1935.0,Excellent,27.0,,,True,,,On contract,Oost vlaanderen,Jan Delvinlaan,70.0,,,,,,,11066,
26,rbw13308,3.7485058,51.0478833,Sale,209000,Appartment,FlatStudio,32719,9000,1935.0,Excellent,27.0,,,True,,,On contract,Oost vlaanderen,Jan Delvinlaan,70.0,,,,,,,11062,
27,rbw13291,3.7674868,51.0308552,Sale,500000,House,House,32719,9050,,New,150.0,3.0,2.0,True,9.0,False,,Oost vlaanderen,Tennisstraat Gentbrugge,,,114.0,,30.0,,,11092,
27,rbw13294,3.7674868,51.0308552,Sale,500000,House,House,32719,9050,,New,150.0,3.0,2.0,True,9.0,False,,Oost vlaanderen,Tennisstraat Gentbrugge,,,100.0,,15.0,,,11089,
28,rbw13296,3.7674868,51.0308552,Sale,518000,House,House,32719,9050,,New,150.0,3.0,2.0,True,9.0,False,,Oost vlaanderen,Tennisstraat Gentbrugge,,,117.0,,26.0,,,11091,
28,rbw13293,3.7674868,51.0308552,Sale,518000,House,House,32719,9050,,New,150.0,3.0,2.0,True,9.0,False,,Oost vlaanderen,Tennisstraat Gentbrugge,,,117.0,,26.0,,,11083,
28,rbw13289,3.7674868,51.0308552,Sale,518000,House,House,32719,9050,,New,150.0,3.0,2.0,True,9.0,False,,Oost vlaanderen,Tennisstraat Gentbrugge,,,117.0,,26.0,,,11077,
28,rbw13305,3.7674868,51.0308552,Sale,518000,House,House,32719,9050,,New,150.0,3.0,2.0,True,9.0,False,,Oost vlaanderen,Tennisstraat Gentbrugge,,,117.0,,26.0,,,11070,
28,rbw13292,3.7674868,51.0308552,Sale,518000,House,House,32719,9050,,New,150.0,3.0,2.0,True,9.0,False,,Oost vlaanderen,Tennisstraat Gentbrugge,,,117.0,,26.0,,,11096,
28,rbw13304,3.7674868,51.0308552,Sale,518000,House,House,32719,9050,,New,150.0,3.0,2.0,True,9.0,False,,Oost vlaanderen,Tennisstraat Gentbrugge,,,117.0,,26.0,,,11061,
29,rbw13303,3.7674868,51.0308552,Sale,566000,House,House,32719,9050,,New,166.0,3.0,2.0,True,14.0,False,,Oost vlaanderen,Tennisstraat Gentbrugge,,,159.0,,,,,11063,
29,rbw13298,3.7674868,51.0308552,Sale,566000,House,House,32719,9050,,New,166.0,3.0,2.0,True,14.0,False,,Oost vlaanderen,Tennisstraat Gentbrugge,,,167.0,,,,,11069,
30,vbe32155,3.8348594,50.7047124,Sale,265000,House,House,27721,7860,,,240.0,2.0,1.0,,29.0,,,Hainaut,,,,130.0,,,,,8285,
30,vbe32158,3.8348594,50.7047124,Sale,265000,House,House,27721,7860,,,240.0,2.0,1.0,,29.0,,,Hainaut,,,,130.0,,,,,8266,
31,rbw10876,3.8580195,50.9412448,Sale,351000,House,House,30916,9520,,New,105.0,2.0,1.0,,7.0,,,Oost vlaanderen,Maalbroekstraat,5.0,,170.0,,110.0,,,11237,
31,rbw10861,3.8580195,50.9412448,Sale,351000,House,House,32719,9520,,New,105.0,2.0,1.0,False,7.0,False,,Oost vlaanderen,Maalbroekstraat,5.0,,170.0,30.0,110.0,,,11242,
32,rbw24744,3.8987539,50.7987041,Sale,225000,House,House,46209,9500,1978.0,Normal,67.0,1.0,1.0,,,False,On contract,Oost vlaanderen,Moenebroekstraat,9.0,1.0,596.0,,470.0,,,10573,
32,rbw24771,3.8987539,50.7987041,Sale,225000,House,House,46209,9500,1978.0,Normal,67.0,2.0,1.0,,,False,On contract,Oost vlaanderen,Moenebroekstraat,9.0,1.0,596.0,,470.0,,,10583,
33,rbw24770,3.8987539,50.7987041,Sale,225000,House,House,46209,9506,1978.0,Normal,67.0,2.0,1.0,,,False,On contract,Oost vlaanderen,Moenebroekstraat,9.0,1.0,596.0,,470.0,,,10574,
33,rbw24743,3.8987539,50.7987041,Sale,225000,House,House,46209,9506,1978.0,Normal,67.0,1.0,1.0,,,False,On contract,Oost vlaanderen,Moenebroekstraat,9.0,1.0,596.0,,470.0,,,10589,
34,rbw26111,3.9439132,50.9654803,Sale,479000,House,House,32719,9340,2024.0,New,177.0,3.0,1.0,False,31.0,False,,Oost vlaanderen,Langehaag,91.0,1.0,271.0,30.0,141.0,,,10500,
34,rbw26113,3.9439132,50.9654803,Sale,479000,House,House,32719,9340,2024.0,New,177.0,3.0,1.0,False,31.0,False,,Oost vlaanderen,Langehaag,91.0,1.0,237.0,30.0,107.0,,,10510,
35,rbw26112,3.9439132,50.9654803,Sale,509000,House,House,32719,9340,2024.0,New,181.0,3.0,1.0,False,32.0,False,,Oost vlaanderen,Langehaag,91.0,1.0,367.0,30.0,234.0,,,10507,
35,rbw26114,3.9439132,50.9654803,Sale,509000,House,House,32719,9340,2024.0,New,181.0,3.0,1.0,False,32.0,False,,Oost vlaanderen,Langehaag,91.0,1.0,396.0,30.0,263.0,,,10502,
36,rbw25997,3.993735,50.8311501,Sale,0,House,House,30482,9400,,New,,3.0,1.0,,,True,,Oost vlaanderen,Aardeweg,115.0,1.0,,,,,,10513,
36,rbw25996,3.993735,50.8311501,Sale,0,House,House,30482,9400,,New,,3.0,1.0,,,True,,Oost vlaanderen,Aardeweg,115.0,1.0,,,,,,10526,
37,vbe35890,4.0418874,50.6947227,Sale,600000,House,House,47635,7850,,Normal,240.0,3.0,1.0,,28.0,,On contract,Hainaut,,,4.0,1160.0,545552.0,530.0,,,7850,
37,vbe35891,4.0418874,50.6947227,Sale,600000,House,House,47635,7850,,Normal,240.0,3.0,1.0,,28.0,,On contract,Hainaut,,,4.0,1160.0,545552.0,530.0,,,7858,
38,vbe36861,4.0685218,50.4316871,Sale,340000,House,House,0,7130,2025.0,,194.0,3.0,2.0,,35.0,False,,Hainaut,Rue du Parc,45.0,1.0,540.0,10500.0,383.0,,,7736,
38,vbe36862,4.0685218,50.4316871,Sale,340000,House,House,0,7130,2025.0,,194.0,3.0,2.0,,35.0,False,,Hainaut,Rue du Parc,45.0,1.0,597.0,10500.0,597.0,,,7739,
39,rbw23713,4.163605,51.0743,Sale,999000,House,Villa,40942,9220,2019.0,,222.0,3.0,2.0,False,,False,Negotiable,Oost vlaanderen,BOOTDIJKSTRAAT,49.0,2.0,,,,,,10615,
39,rbw13354,4.163605,51.0743,Sale,999000,House,Villa,46264,9220,2019.0,,222.0,3.0,2.0,False,,False,Negotiable,Oost vlaanderen,BOOTDIJKSTRAAT,49.0,2.0,,,,,,11064,
40,rbw18089,4.2395523,50.7973123,Sale,399000,Appartment,Flat,40373,1600,1984.0,Normal,114.0,3.0,1.0,False,46.0,False,,Vlaams brabant,Vlezenbeeklaan,95.0,2.0,,,,,,6072,
40,rbw18088,4.2395523,50.7973123,Sale,399000,Appartment,Flat,40373,1600,1984.0,Normal,114.0,3.0,1.0,False,46.0,False,,Vlaams brabant,Vlezenbeeklaan,95.0,2.0,,,,,,6068,
41,rbw16104,4.246474,51.21883,Sale,360000,Appartment,Flat,0,9120,2024.0,New,93.0,2.0,1.0,True,21.0,False,On contract,Oost vlaanderen,Glazenleeuwstraat,89.0,,,,,,,10870,
41,rbv84744,4.246474,51.21883,Sale,360000,Appartment,Flat,0,9120,2025.0,New,93.0,2.0,1.0,True,,False,On contract,Oost vlaanderen,Glazenleeuwstraat,89.0,1.0,,,,,,10964,
42,vbe35873,4.263916,50.7392326,Sale,390000,House,House,47636,1501,,,120.0,3.0,,,,,,Vlaams brabant,,,,,,,,,5876,
42,vbe35874,4.263916,50.7392326,Sale,390000,House,House,47636,1501,,,120.0,3.0,,,,,,Vlaams brabant,,,,,,,,,5882,
43,vbd97184,4.2689347,50.6802986,Sale,1695000,House,Villa,38563,1440,2020.0,Excellent,360.0,4.0,2.0,True,,,On contract,Brabant wallon,,,1.0,2409.0,,,,True,9552,
43,vbd96452,4.2689347,50.6802986,Sale,1695000,House,Villa,38563,1440,2020.0,Excellent,360.0,4.0,2.0,True,,,On contract,Brabant wallon,,,1.0,2409.0,,,,True,9554,
44,vbe28783,4.2781245,50.7642284,Sale,479000,Appartment,Loft,46133,1651,,,171.0,2.0,1.0,True,,,On contract,Vlaams brabant,Meanderveld,5.0,,,,,,,6460,
44,vbe28784,4.2781245,50.7642284,Sale,479000,Appartment,Loft,46133,1651,,,171.0,2.0,1.0,True,,,On contract,Vlaams brabant,Meanderveld,5.0,,,,,,,6453,
45,rbw24648,4.29432,50.82538,Sale,380000,House,House,30556,1070,,Normal,175.0,3.0,2.0,False,,False,Immediately,Brussels,Florimond de Pauwstraat,46.0,,,,,False,,4153,
45,rbw24647,4.29432,50.82538,Sale,380000,House,House,30556,1070,,Normal,175.0,3.0,2.0,False,,False,Immediately,Brussels,Florimond de Pauwstraat,46.0,,,,,False,,4161,
46,rbw01434,4.30666169,50.94452757,Sale,1450000,House,House,33657,1860,2004.0,,508.0,4.0,2.0,True,,False,From 01/01/2027,Vlaams brabant,Groene weg,3.0,2.0,2328.0,,,,,6615,
46,rbw01433,4.30666169,50.94452757,Sale,1450000,House,House,33657,1860,2004.0,,508.0,4.0,2.0,True,,False,From 01/01/2027,Vlaams brabant,Groene weg,3.0,2.0,2328.0,,,,,6604,
47,vbe35738,4.3108726,50.8396365,Sale,215000,Appartment,Flat,38610,1070,1960.0,Normal,83.0,2.0,1.0,False,15.0,False,,Brussels,Rue de la Verite,47.0,,,28482.0,,,,4186,
47,vbe35740,4.3108726,50.8396365,Sale,215000,Appartment,Flat,38610,1070,1960.0,Normal,83.0,2.0,1.0,False,15.0,False,,Brussels,Rue de la Verite,47.0,,,14215.0,,,,4178,
48,vbe33737,4.3131914,50.866262,Sale,109000,Appartment,FlatStudio,33417,1081,,To be renovated,30.0,,1.0,True,,False,,Brussels,Avenue de la Basilique,378.0,,,,,,,4492,
48,vbe33684,4.3131914,50.866262,Sale,109000,Appartment,FlatStudio,33417,1081,,To be renovated,30.0,,1.0,,,False,,Brussels,Avenue de la Basilique,378.0,,,,,,,4498,
49,rbv96680,4.3153898,50.9054669,Sale,469000,House,House,30482,1780,,New,152.0,3.0,1.0,,,,,Vlaams brabant,Schoon Dal,49.0,1.0,256.0,,,,,6651,
49,rbv96681,4.3153898,50.9054669,Sale,469000,House,House,30482,1780,,New,152.0,3.0,1.0,,,,,Vlaams brabant,Schoon Dal,49.0,1.0,256.0,,,,,6622,
50,vbe33875,4.31815,50.83736,Sale,139000,Appartment,FlatStudio,39723,1070,1950.0,Normal,45.0,1.0,1.0,,,,On contract,Brussels,QUAI INDUSTRIE,242.0,,,,,,,4457,
50,vbe33874,4.31815,50.83736,Sale,139000,Appartment,FlatStudio,39723,1070,1950.0,Normal,45.0,1.0,,,,,On contract,Brussels,QUAI INDUSTRIE,242.0,,,,,,,4452,
50,vbe33873,4.31815,50.83736,Sale,139000,Appartment,FlatStudio,39723,1070,1950.0,Normal,45.0,1.0,1.0,,,,On contract,Brussels,QUAI INDUSTRIE,242.0,,,,,,,4454,
51,vbe33924,4.3193694,50.8569755,Sale,550000,House,MixedBuilding,38140,1080,1960.0,Excellent,240.0,2.0,2.0,,20.0,,,Brussels,,,1.0,,,135.0,,,4004,
51,vbe09500,4.3193694,50.8569755,Sale,550000,House,MixedBuilding,38140,1080,1960.0,Excellent,240.0,2.0,2.0,,20.0,,,Brussels,,,1.0,,,135.0,,,4009,
52,vbe33570,4.3238064,50.8678643,Sale,145000,Appartment,Flat,46373,1090,1925.0,To be renovated,74.0,1.0,1.0,False,4.0,False,,Brussels,Avenue de la Constitution,68.0,,,40522.0,,,,4528,
52,vbe33569,4.3238064,50.8678643,Sale,145000,Appartment,Flat,46373,1090,1925.0,To be renovated,74.0,1.0,1.0,False,2.0,False,,Brussels,Avenue de la Constitution,68.0,,,30260.0,,,,4521,
53,vbd40930,4.32544479,50.59853255,Sale,280000,House,House,27584,1400,,,177.0,2.0,1.0,False,,False,,Brabant wallon,Rue du Pont Gotissart,8.0,,103.0,,,,,9419,
53,vbd40931,4.32544479,50.59853255,Sale,280000,House,House,27584,1400,,,177.0,2.0,1.0,False,,False,,Brabant wallon,Rue du Pont Gotissart,8.0,,103.0,,,,,8861,
54,rbw02385,4.32626152,50.99390857,Sale,495000,House,House,33657,1861,2026.0,New,185.0,3.0,1.0,False,15.0,False,,Vlaams brabant,Breemweg Wolvertem,,,,,80.0,,,6578,
54,rbw02386,4.32626152,50.99390857,Sale,495000,House,House,33657,1861,2026.0,New,185.0,3.0,1.0,False,15.0,False,,Vlaams brabant,Breemweg Wolvertem,,,,,80.0,,,6572,
55,vbd93916,4.3367347,50.6039471,Sale,340000,Appartment,Flat,41004,1400,2016.0,Excellent,88.0,2.0,1.0,True,,False,,Brabant wallon,Rue Par-Delà l'Eau,18.0,,,8333.0,,,False,9568,
55,vbe05250,4.3367347,50.6039471,Sale,340000,Appartment,Flat,41004,1400,2016.0,Normal,88.0,2.0,1.0,True,,False,,Brabant wallon,Rue Par-Delà l'Eau,18.0,,,8333.0,,,False,9471,
56,vbe10498,4.3474045,50.8382243,Sale,199000,Appartment,FlatStudio,44984,1000,,Fully renovated,35.0,1.0,1.0,,,True,On contract,Brussels,Rue des Capucins,38.0,,,4963.0,,,False,4802,
56,vbe10497,4.3474045,50.8382243,Sale,199000,Appartment,FlatStudio,44984,1000,,Fully renovated,35.0,1.0,1.0,,,True,On contract,Brussels,Rue des Capucins,38.0,,,4386.0,,,False,4797,
57,rbw19217,4.350574,51.17779,Sale,216000,Appartment,Flat,32660,2660,1961.0,,100.0,2.0,1.0,False,,False,Negotiable,Antwerp,Antwerpsesteenweg,13.0,,,,,,,13542,
57,rbv95543,4.350574,51.17779,Sale,216000,Appartment,Flat,32660,2660,1961.0,,100.0,2.0,1.0,False,,False,Negotiable,Antwerp,Antwerpsesteenweg,13.0,,,,,,,13920,
58,vbe34785,4.3538379,50.6969022,Sale,925000,House,Villa,38563,1420,1989.0,Excellent,265.0,5.0,3.0,False,45.0,,On contract,Brabant wallon,,,2.0,1116.0,,500.0,,,8746,
58,vbe21268,4.3538379,50.6969022,Sale,925000,House,Villa,38563,1420,1989.0,Excellent,265.0,5.0,3.0,False,45.0,,On contract,Brabant wallon,,,2.0,1116.0,,500.0,,False,9142,
59,rbw19250,4.3623826,50.8330701,Sale,299000,Appartment,Flat,38424,1050,,,70.0,1.0,1.0,,,,,Brussels,Rue du Pr?sident,11.0,,,,,,,4398,
59,rbw19249,4.3623826,50.8330701,Sale,299000,Appartment,Flat,38424,1050,,,70.0,1.0,1.0,,,,,Brussels,Rue du Pr?sident,11.0,,,,,,,4409,
60,rbw19471,4.3727272,50.9113762,Sale,539000,House,House,30482,1800,,New,142.0,3.0,1.0,,,,,Vlaams brabant,Streekbaan,152.0,,1631.0,,,,,5979,
60,rbw19470,4.3727272,50.9113762,Sale,539000,House,House,30482,1800,,New,142.0,3.0,1.0,,,,,Vlaams brabant,Streekbaan,152.0,,1109.0,,,,,5981,
61,vbe21110,4.3762325,50.8274539,Sale,409000,Appartment,Flat,47379,1050,1900.0,Excellent,98.0,2.0,1.0,False,,False,,Brussels,Rue de la Cuve,32.0,,,,,,False,4692,
61,vbe06496,4.3762325,50.8274539,Sale,409000,Appartment,Flat,47379,1050,1900.0,Excellent,98.0,2.0,1.0,False,,False,On contract,Brussels,Rue de la Cuve,32.0,,,141.0,,,False,4693,
62,vbe35905,4.3766927,50.8235717,Sale,350000,Appartment,Flat,39602,1050,,,70.0,1.0,1.0,,,,,Brussels,,,,,,,,,4166,
62,rbw20293,4.3766927,50.8235717,Sale,350000,Appartment,Flat,48985,1050,,Normal,70.0,1.0,1.0,,,True,Immediately,Brussels,,,,,,,,,4295,
62,vbe32536,4.3766927,50.8235717,Sale,350000,Appartment,Flat,37194,1050,1900.0,Excellent,70.0,1.0,1.0,False,,False,On contract,Brussels,,,,,,,,,4636,
63,vbe33525,4.3915511,50.808117,Sale,495000,Appartment,Flat,27241,1050,,Excellent,92.0,2.0,2.0,True,7.0,False,On contract,Brussels,Square du Vieux Tilleul,1.0,,,,,,,4517,
63,vbe33524,4.3915511,50.808117,Sale,495000,Appartment,Flat,27241,1050,,Excellent,92.0,1.0,2.0,True,7.0,False,On contract,Brussels,Square du Vieux Tilleul,1.0,,,,,,,4525,
64,vbe34857,4.3924951,50.8518238,Sale,450000,Appartment,Flat,42877,1030,2028.0,New,88.0,2.0,1.0,True,4.0,False,,Brussels,Rue Victor Hugo,56.0,,,,,,,4326,
64,vbe34855,4.3924951,50.8518238,Sale,450000,Appartment,Flat,42877,1030,2028.0,New,88.0,2.0,1.0,True,4.0,False,,Brussels,Rue Victor Hugo,56.0,,,,,,,4314,
65,vbe34858,4.3924951,50.8518238,Sale,560000,Appartment,Penthouse,42877,1030,2028.0,New,104.0,3.0,2.0,True,16.0,False,,Brussels,Rue Victor Hugo,56.0,,,,,,,4318,
65,vbe34859,4.3924951,50.8518238,Sale,560000,Appartment,Penthouse,42877,1030,2028.0,New,104.0,3.0,2.0,True,16.0,False,,Brussels,Rue Victor Hugo,56.0,,,,,,,4312,
66,vbe34815,4.3924951,50.8518238,Sale,799000,Appartment,Duplex,42877,1030,2028.0,New,170.0,4.0,2.0,True,20.0,False,,Brussels,Rue Victor Hugo,56.0,,,,80.0,,,4333,
66,vbe34854,4.3924951,50.8518238,Sale,799000,Appartment,Duplex,42877,1030,2028.0,New,170.0,4.0,2.0,True,20.0,False,,Brussels,Rue Victor Hugo,56.0,,,,80.0,,,4328,
67,rbw19246,4.393802,51.07515,Sale,1800000,House,House,30730,2830,,To be renovated,1565.0,21.0,,False,,False,,Antwerp,Grote Bergen,50.0,,27811.0,,,,,13545,
67,rbw19245,4.393802,51.07515,Sale,1800000,House,House,30730,2830,,To be renovated,1565.0,21.0,,False,,False,,Antwerp,Grote Bergen,50.0,,27811.0,,,,,13549,
68,vbe35909,4.3987892,50.8389106,Sale,945000,Appartment,Penthouse,33355,1040,1912.0,New,198.0,3.0,1.0,True,18.0,False,,Brussels,Avenue de Tervueren,13.0,,,,,True,,4171,
68,vbe33690,4.3987892,50.8389106,Sale,945000,Appartment,Penthouse,43156,1040,,Fully renovated,198.0,3.0,3.0,True,42.0,False,On contract,Brussels,Avenue de Tervueren,13.0,35.0,,,,,,4510,
69,rbv80988,4.4664938,51.0298169,Sale,206000,House,House,42734,2800,1874.0,To be renovated,92.0,3.0,1.0,,,,On contract,Antwerp,Battelsesteenweg,123.0,,70.0,,26.0,,,14016,
69,rbv80983,4.4664938,51.0298169,Sale,206000,House,House,42734,2800,1874.0,To be renovated,92.0,3.0,1.0,,,,On contract,Antwerp,Battelsesteenweg,123.0,,70.0,,26.0,,,14024,
70,vbe18370,4.4804728,50.3013768,Sale,308000,House,House,43302,5651,1972.0,To renovate,129.0,4.0,1.0,False,,,On contract,Namur,Rue Les Acacias,19.0,,364.0,49780.0,197.0,,False,7474,
70,vbe18539,4.4804728,50.3013768,Sale,308000,House,House,43302,5651,1972.0,To renovate,129.0,4.0,1.0,False,,,On contract,Namur,Rue Les Acacias,19.0,,364.0,49780.0,197.0,,False,7464,
71,vbe21737,4.4873889,50.7298348,Sale,785000,House,House,42478,1310,2027.0,New,200.0,4.0,3.0,False,,False,,Brabant wallon,Rue de la Grotte,32.0,1.0,451.0,,,,False,9126,
71,vbe28955,4.4873889,50.7298348,Sale,785000,House,House,46347,1310,2028.0,,200.0,4.0,2.0,False,,False,,Brabant wallon,Rue de la Grotte,32.0,1.0,987.0,,,,,8971,
71,vbe21738,4.4873889,50.7298348,Sale,785000,House,House,42478,1310,2027.0,New,200.0,4.0,2.0,False,,False,,Brabant wallon,Rue de la Grotte,32.0,1.0,462.0,,,,False,9128,
72,vbe27985,4.4873889,50.7298348,Sale,895000,House,House,42478,1310,2027.0,New,220.0,4.0,2.0,False,,False,,Brabant wallon,Rue de la Grotte,32.0,1.0,1033.0,,,,False,9007,
72,vbe28676,4.4873889,50.7298348,Sale,895000,House,House,46347,1310,2028.0,,220.0,4.0,2.0,False,,False,,Brabant wallon,Rue de la Grotte,32.0,1.0,959.0,,,,,8978,
73,vbe26313,4.50024643,50.39217925,Sale,359900,House,Villa,45357,6200,1974.0,Normal,166.0,3.0,2.0,False,,False,,Hainaut,Rue de la Blanche Borne,15.0,1.0,765.0,,,,,8324,
73,vbd98373,4.50024643,50.39217925,Sale,359900,House,Villa,45357,6200,1974.0,Normal,166.0,3.0,2.0,False,,False,,Hainaut,Rue de la BLANCHE Borne,15.0,1.0,765.0,,,,,8321,
73,vbe26311,4.50024643,50.39217925,Sale,359900,House,Villa,45357,6200,1974.0,Normal,166.0,3.0,2.0,False,,False,,Hainaut,Rue de la Blanche Borne,15.0,1.0,765.0,,,,,8325,
74,rbv88167,4.50545,50.97708,Sale,515000,House,House,30823,1982,,New,175.0,4.0,1.0,False,,False,Immediately,Vlaams brabant,Tervuursesteenweg,401.0,,,,,False,,6205,
74,rbu82602,4.50545,50.97708,Sale,515000,House,House,30823,1982,,New,175.0,4.0,1.0,False,,False,Immediately,Vlaams brabant,Tervuursesteenweg,401.0,,,,,False,,6240,
74,rbw25517,4.50545,50.97708,Sale,515000,House,House,30823,1982,,New,175.0,3.0,1.0,False,,False,Immediately,Vlaams brabant,Tervuursesteenweg,401.0,,,,200.0,False,,5849,
75,vbe29434,4.5306325,50.7109736,Sale,1270000,House,Villa,38563,1330,1965.0,Normal,320.0,4.0,3.0,False,,False,On contract,Brabant wallon,,,1.0,1826.0,,,,True,8961,
75,vbe29260,4.5306325,50.7109736,Sale,1270000,House,Villa,47327,1330,1965.0,Excellent,320.0,4.0,3.0,False,22.0,True,On contract,Brabant wallon,,,1.0,1825.0,,1200.0,,True,8962,
76,vbe28276,4.5430358,50.1958462,Sale,225000,Appartment,Flat,43738,5600,2025.0,New,116.0,2.0,1.0,True,8.0,False,On contract,Namur,,,,,,,,,7188,
76,vbe28277,4.5430358,50.1958462,Sale,225000,Appartment,Flat,43738,5600,2025.0,New,116.0,2.0,1.0,False,8.0,False,On contract,Namur,,,,,,,,,7191,
77,rbw18375,4.55261972,50.90231105,Sale,592500,House,House,33800,3070,2024.0,New,195.0,4.0,2.0,False,15.0,False,On contract,Vlaams brabant,Frans Mombaersstraat,13.0,1.0,264.0,,264.0,,,6043,
77,rbw18374,4.55261972,50.90231105,Sale,592500,House,House,33800,3070,2024.0,New,195.0,4.0,2.0,False,15.0,False,On contract,Vlaams brabant,Frans Mombaersstraat,13.0,1.0,263.0,,263.0,,,6046,
78,rbw17430,4.567272,50.9794567,Sale,620000,House,House,45755,3190,2001.0,,259.0,3.0,1.0,,,,,Vlaams brabant,Audenhovenlaan,37.0,1.0,893.0,,,,,6077,
78,rbw17429,4.567272,50.9794567,Sale,620000,House,House,45755,3190,2001.0,,259.0,6.0,1.0,,,,,Vlaams brabant,Audenhovenlaan,37.0,1.0,893.0,,,,,6088,
79,vbe20665,4.6972809,50.7385816,Sale,1300000,House,House,40237,1390,1990.0,Normal,365.0,4.0,4.0,False,175.0,False,On contract,Brabant wallon,,,2.0,6777.0,123643.0,,,False,9166,
79,vbe20663,4.6972809,50.7385816,Sale,1300000,House,House,40237,1390,1990.0,Normal,365.0,4.0,4.0,False,175.0,False,On contract,Brabant wallon,,,2.0,6777.0,123643.0,,,False,9171,
80,vbe06029,4.6974747,50.4671846,Sale,358000,House,House,0,5190,,,222.0,3.0,2.0,,,,,Namur,,,,500.0,50.0,391.0,,,7004,
80,vbe03202,4.6974747,50.4671846,Sale,358000,House,House,27536,5190,,,222.0,3.0,2.0,,,,,Namur,,,1.0,500.0,,,,,7000,
81,rbw03404,4.7187693,50.9884189,Sale,0,House,House,30482,3120,,New,,,,,,,,Vlaams brabant,Veldonkstraat,120.0,,,,,,,6522,
81,rbw03405,4.7187693,50.9884189,Sale,0,House,House,30482,3120,,New,,,,,,,,Vlaams brabant,Veldonkstraat,120.0,,,,,,,6523,
82,rbw03411,4.7187693,50.9884189,Sale,459000,House,House,30482,3120,,New,154.0,3.0,,,,,,Vlaams brabant,Veldonkstraat,120.0,,500.0,,,,,6520,
82,rbw03413,4.7187693,50.9884189,Sale,459000,House,House,30482,3120,,New,154.0,3.0,,,,,,Vlaams brabant,Veldonkstraat,120.0,,499.0,,,,,6521,
83,vbe36252,4.7510797,50.4801349,Sale,295000,Appartment,Flat,43169,5020,2026.0,New,97.0,2.0,1.0,,,,,Namur,des Rys Temploux,,,,,,,,6751,
83,vbe36251,4.7510797,50.4801349,Sale,295000,Appartment,Flat,43169,5020,2026.0,New,97.0,2.0,1.0,,,,,Namur,des Rys Temploux,,,,,,,,6768,
84,vbe09911,4.8554963,50.7238098,Sale,316000,House,House,40378,1370,,New,,3.0,1.0,,,,,Brabant wallon,Rue Des Alisiers IN DEMAND Jodoigne,,,143.0,,,,,9394,
84,vbe09913,4.8554963,50.7238098,Sale,316000,House,House,40378,1370,,New,,3.0,1.0,,,,,Brabant wallon,Rue Des Alisiers IN DEMAND Jodoigne,,,141.0,,,,,9396,
85,vbe31023,4.8718068,50.4674593,Sale,345000,Appartment,Flat,38100,5000,2026.0,,104.0,3.0,3.0,True,11.0,,On contract,Namur,,,1.0,,,,,,7089,
85,vbe23062,4.8718068,50.4674593,Sale,345000,Appartment,Flat,42987,5000,2025.0,New,104.0,3.0,3.0,True,11.0,,,Namur,,,1.0,,,,,False,6956,
86,vbe14201,4.89233,50.23319,Sale,330000,House,House,42790,5500,,New,238.0,4.0,1.0,False,14.0,False,Immediately,Namur,Rue de la Montagne,3.0,,,,,False,,7561,
86,vbe14203,4.89233,50.23319,Sale,330000,House,House,42790,5500,,New,238.0,4.0,1.0,False,14.0,False,Immediately,Namur,Rue de la Montagne,3.0,,,,,False,,7564,
87,rwc42804,4.905329,50.5470867,Sale,435000,House,House,0,5310,,Excellent,157.0,3.0,,,,,On contract,Namur,rue des Mésanges,9.0,,708.0,,,,,6791,
87,rwc42803,4.905329,50.5470867,Sale,435000,House,House,0,5310,2026.0,Excellent,157.0,3.0,,False,,,On contract,Namur,rue des Mésanges,9.0,,,,734.0,,,6794,
88,rbw24098,4.953304,51.32402,Sale,192000,Appartment,Flat,40407,2300,2024.0,New,59.0,1.0,1.0,True,6.0,False,Immediately,Antwerp,Dessauerplein,1.0,,,,,,,13364,
88,rbw24099,4.953304,51.32402,Sale,192000,Appartment,Flat,40407,2300,2024.0,New,59.0,1.0,1.0,True,6.0,False,Immediately,Antwerp,Dessauerplein,1.0,,,,,,,13373,
89,rbw24104,4.953304,51.32402,Sale,197000,Appartment,Flat,40407,2300,2024.0,New,59.0,1.0,1.0,True,6.0,False,Immediately,Antwerp,Dessauerplein,1.0,,,,,,,13367,
89,rbw24105,4.953304,51.32402,Sale,197000,Appartment,Flat,40407,2300,2024.0,New,59.0,1.0,1.0,True,6.0,False,Immediately,Antwerp,Dessauerplein,1.0,,,,,,,13366,
90,rbw24110,4.953304,51.32402,Sale,202000,Appartment,Flat,40407,2300,2024.0,New,59.0,1.0,1.0,True,6.0,False,Immediately,Antwerp,Dessauerplein,1.0,,,,,,,13357,
90,rbw24077,4.953304,51.32402,Sale,202000,Appartment,Flat,40407,2300,2024.0,New,59.0,1.0,1.0,True,6.0,False,Immediately,Antwerp,Dessauerplein,1.0,,,,,,,13383,
90,rbw24111,4.953304,51.32402,Sale,202000,Appartment,Flat,40407,2300,2024.0,New,59.0,1.0,1.0,True,6.0,False,Immediately,Antwerp,Dessauerplein,1.0,,,,,,,13355,
91,rbv96466,5.0114322,49.8339217,Sale,295309,House,Chalet,41030,6830,1967.0,Normal,93.0,2.0,1.0,,13.0,False,,Luxembourg,Chemin des Falloises,56.0,1.0,2360.0,,2360.0,,,11682,
91,rbv60132,5.0114322,49.8339217,Sale,295309,House,Chalet,46424,6830,1967.0,Excellent,93.0,2.0,1.0,,13.0,False,,Luxembourg,Chemin des Falloises,56.0,,2360.0,,,,,11948,
92,rbv60133,5.0168268,49.8387807,Sale,386000,House,House,46424,6830,2026.0,New,134.0,2.0,1.0,,,,,Luxembourg,Voie de Remifontaine,9.0,,1852.0,,,,,11943,
92,rbv81579,5.0168268,49.8387807,Sale,386000,House,House,41030,6830,2026.0,,134.0,2.0,1.0,,,,,Luxembourg,Voie de Remifontaine,9.0,,1852.0,,,,,11816,
93,rbw25651,5.1528372,50.8090634,Sale,483233,House,House,44773,3800,,New,200.0,3.0,1.0,,,,,Limburg,Leeuwerweg,45.0,,705.0,,,,,9608,
93,rbw25653,5.1528372,50.8090634,Sale,483233,House,House,44773,3800,,New,200.0,3.0,1.0,,,,,Limburg,Leeuwerweg,45.0,,717.0,,,,,9615,
93,rbw25650,5.1528372,50.8090634,Sale,483233,House,House,44773,3800,,New,200.0,3.0,1.0,,,,,Limburg,Leeuwerweg,45.0,,640.0,,,,,9617,
93,rbw25652,5.1528372,50.8090634,Sale,483233,House,House,44773,3800,,New,200.0,3.0,1.0,,,,,Limburg,Leeuwerweg,45.0,,707.0,,,,,9619,
94,rbw09135,5.174945,50.820758,Sale,175000,Appartment,Flat,44773,3800,1962.0,,78.0,2.0,1.0,,,,,Limburg,Fabriekstraat,99.0,,,,,,,9876,
94,rbw09134,5.174945,50.820758,Sale,175000,Appartment,Flat,44773,3800,1962.0,,78.0,2.0,1.0,,,,,Limburg,Fabriekstraat,99.0,,,,,,,9879,
95,rbv83330,5.2255389,51.07256061,Sale,335000,House,House,38718,3580,2026.0,New,161.0,3.0,1.0,False,,False,,Limburg,Terrilpark,1.0,,142.0,,,,,10148,
95,rbv83333,5.2255389,51.07256061,Sale,335000,House,House,38718,3580,2026.0,New,161.0,3.0,1.0,False,,False,,Limburg,Terrilpark,1.0,,142.0,,,,,10162,
96,rbv30562,5.28172554,51.05844011,Sale,385000,House,House,38718,3580,2025.0,New,187.0,3.0,,False,,False,,Limburg,Asbergstraat,22.0,,,,,,,10421,
96,rbv30561,5.28172554,51.05844011,Sale,385000,House,House,38718,3580,2025.0,New,187.0,3.0,,False,,False,,Limburg,Asbergstraat,22.0,,,,,,,10418,
97,vbe30146,5.2889006,50.2244029,Sale,499000,House,House,43302,6900,2021.0,Excellent,182.0,5.0,1.0,False,115.0,False,Immediately,Luxembourg,Rue des Godis,23.0,,1078.0,5710.0,1078.0,,True,11579,
97,vbe19019,5.2889006,50.2244029,Sale,499000,House,House,43302,6900,2021.0,Excellent,182.0,5.0,1.0,False,115.0,False,Immediately,Luxembourg,Rue des Godis,23.0,,1078.0,5710.0,1078.0,,True,11570,
97,vbe12719,5.2889006,50.2244029,Sale,499000,House,House,43302,6900,2021.0,Excellent,182.0,5.0,1.0,False,115.0,False,Immediately,Luxembourg,Rue des Godis,23.0,,1078.0,5710.0,1078.0,,True,11569,
98,vwd16076,5.3143071,50.2023536,Sale,138000,Appartment,Flat,29067,6900,1940.0,Excellent,35.0,1.0,,False,,,Immediately,Luxembourg,Place de la Gare,4.0,,,,,,False,12132,
98,vbd59338,5.3143071,50.2023536,Sale,138000,Appartment,Flat,27902,6900,,New,35.0,1.0,1.0,False,,False,On contract,Luxembourg,Place de la Gare,4.0,,,3616.0,,,False,12121,
99,rbv84974,5.341443,50.844494,Sale,372963,Appartment,Flat,32587,3830,,New,96.0,2.0,1.0,True,32.0,,,Limburg,Zonneveldweg,7.0,1.0,,,,,,10112,
99,rbv84971,5.341443,50.844494,Sale,372963,Appartment,Flat,32587,3830,,New,96.0,2.0,1.0,True,32.0,,,Limburg,Zonneveldweg,7.0,1.0,,,,,,10110,
100,vbe31223,5.39535,50.509751,Sale,449000,House,House,40797,4550,2008.0,Normal,125.0,3.0,1.0,False,20.0,False,,Liège,Tige des Saules,36.0,1.0,619.0,25431.0,,,,5499,
100,vbe35514,5.39535,50.509751,Sale,449000,House,House,28509,4550,2008.0,Normal,125.0,3.0,1.0,False,20.0,False,,Liège,Tige des Saules,36.0,1.0,619.0,25431.0,,,,5029,
101,vbe17080,5.4149736,49.8330715,Sale,275000,House,House,47361,6840,,To be renovated,569.0,8.0,10.0,False,,,,Luxembourg,Malome,3.0,,1398.0,164710.0,14.0,,,11803,
101,vbe17081,5.4149736,49.8330715,Sale,275000,House,House,47361,6840,,To be renovated,569.0,8.0,10.0,False,,,,Luxembourg,Malome,3.0,,1398.0,164710.0,14.0,,,11808,
102,vbe06542,5.4357028,50.3302902,Sale,340000,House,House,27902,6940,2025.0,New,145.0,4.0,2.0,False,,False,On contract,Luxembourg,Hautes Voies Durbuy,,,635.0,,,,False,11932,
102,vbe06537,5.4357028,50.3302902,Sale,340000,House,House,27902,6940,2025.0,New,145.0,4.0,1.0,False,,False,On contract,Luxembourg,Hautes Voies Durbuy,,,559.0,,,,False,11928,
103,rbw25583,5.4559992,50.9165563,Sale,745000,House,House,43470,3590,2003.0,,307.0,5.0,2.0,False,25.0,,,Limburg,Volksstr.,28.0,2.0,1758.0,,,True,,9606,
103,rbw25584,5.4559992,50.9165563,Sale,745000,House,House,43470,3590,2003.0,,307.0,5.0,2.0,False,25.0,,,Limburg,Volksstr.,28.0,2.0,1758.0,,,True,,9612,
104,vbe26772,5.4687078,50.3747578,Sale,85000,House,Bungalow,47360,6940,,Normal,34.0,2.0,1.0,False,,,,Luxembourg,Val meleye,30.0,,400.0,,,,,11653,
104,vbd83323,5.4687078,50.3747578,Sale,85000,House,Bungalow,47360,6940,,Normal,34.0,2.0,1.0,False,,,,Luxembourg,Val meleye,30.0,,400.0,,,,,11658,
105,rbv77221,5.4689682,50.7847878,Sale,175000,Appartment,Flat,40881,3700,1930.0,To be renovated,138.0,2.0,1.0,,,,,Limburg,Sacramentstraat,29.0,,,,,,,10087,
105,rbv77222,5.4689682,50.7847878,Sale,175000,Appartment,Flat,40881,3700,1930.0,To be renovated,138.0,2.0,1.0,,6.0,,,Limburg,Sacramentstraat,29.0,,,,,,,10088,
106,rbu73938,5.4774238,50.8339734,Sale,245000,Appartment,GroundFloor,39189,3730,1999.0,,105.0,2.0,1.0,True,,,Immediately,Limburg,Onderstraat,23.0,1.0,,,,False,,10379,
106,rbv38722,5.4774238,50.8339734,Sale,245000,Appartment,GroundFloor,39189,3730,1999.0,,105.0,2.0,1.0,True,,,Immediately,Limburg,Onderstraat,23.0,1.0,,,,False,,10377,
107,vbc33294,5.478466,50.3475,Sale,221325,Appartment,Flat,28192,6940,2023.0,,84.0,2.0,1.0,False,6.0,False,,Luxembourg,Route de Durbuy Barvaux-sur-Ourthe,,1.0,,,,,,12195,
107,vbc33292,5.478466,50.3475,Sale,221325,Appartment,Flat,28192,6940,2023.0,,84.0,2.0,1.0,False,6.0,False,,Luxembourg,Route de Durbuy Barvaux-sur-Ourthe,,1.0,,,,,,12129,
108,rbw18417,5.510166,50.86872,Sale,409572,Appartment,Flat,38568,3740,2024.0,New,106.0,2.0,,True,16.0,False,,Limburg,Stationlaan,55.0,,,,,,,9692,
108,rbw03918,5.510166,50.86872,Sale,409572,Appartment,Flat,38568,3740,2024.0,New,106.0,2.0,,True,16.0,False,,Limburg,Stationlaan,55.0,,,,,,,9912,
109,rbw03919,5.510166,50.86872,Sale,420159,Appartment,Flat,38568,3740,2024.0,New,106.0,2.0,,True,16.0,False,,Limburg,Stationlaan,55.0,,,,,,,9926,
109,rbw18414,5.510166,50.86872,Sale,420159,Appartment,Flat,38568,3740,2024.0,New,106.0,2.0,,True,16.0,False,,Limburg,Stationlaan,55.0,,,,,,,9689,
110,vbe01143,5.54085453,49.90363954,Sale,339900,House,House,40205,6640,2026.0,New,120.0,3.0,1.0,False,,False,,Luxembourg,Route de la Ronde Fagne Vaux-sur-Sûre,,,565.0,,,,,11981,
110,vbe01141,5.54085453,49.90363954,Sale,339900,House,House,40205,6640,2026.0,New,120.0,3.0,1.0,False,,False,,Luxembourg,Route de la Ronde Fagne Vaux-sur-Sûre,,,565.0,,,,,11980,
110,vbe01145,5.54085453,49.90363954,Sale,339900,House,House,40205,6640,2026.0,New,120.0,3.0,1.0,False,,False,,Luxembourg,Route de la Ronde Fagne Vaux-sur-Sûre,,,565.0,,,,,11995,
110,vbe01144,5.54085453,49.90363954,Sale,339900,House,House,40205,6640,2026.0,New,120.0,3.0,1.0,False,,False,,Luxembourg,Route de la Ronde Fagne Vaux-sur-Sûre,,,565.0,,,,,11979,
111,rbv09565,5.5518456,50.9264,Sale,245000,House,House,47828,3690,,,,3.0,1.0,,,,,Limburg,Molenblookstraat,64.0,,,,,,,10443,
111,rbv09567,5.5518456,50.9264,Sale,245000,House,House,47828,3690,,,,3.0,1.0,,,,,Limburg,Molenblookstraat,64.0,,,,,,,10436,
111,rbv09570,5.5518456,50.9264,Sale,245000,House,House,47828,3690,,,,3.0,1.0,,,,,Limburg,Molenblookstraat,64.0,,,,,,,10430,
111,rbv09572,5.5518456,50.9264,Sale,245000,House,House,47828,3690,,,,3.0,1.0,,,,,Limburg,Molenblookstraat,64.0,,,,,,,10437,
111,rbv09568,5.5518456,50.9264,Sale,245000,House,House,47828,3690,,,,3.0,1.0,,,,,Limburg,Molenblookstraat,64.0,,,,,,,10429,
111,rbv09569,5.5518456,50.9264,Sale,245000,House,House,47828,3690,,,,3.0,1.0,,,,,Limburg,Molenblookstraat,64.0,,,,,,,10435,
111,rbv09566,5.5518456,50.9264,Sale,245000,House,House,47828,3690,,,,3.0,1.0,,,,,Limburg,Molenblookstraat,64.0,,,,,,,10422,
111,rbv09571,5.5518456,50.9264,Sale,245000,House,House,47828,3690,,,,3.0,1.0,,,,,Limburg,Molenblookstraat,64.0,,,,,,,10424,
112,rbv09631,5.5518456,50.9264,Sale,259000,House,House,47828,3690,,,,3.0,1.0,,,,,Limburg,Molenblookstraat,64.0,,,,,,,10442,
112,rbv09630,5.5518456,50.9264,Sale,259000,House,House,47828,3690,,,,3.0,1.0,,,,,Limburg,Molenblookstraat,64.0,,,,,,,10448,
113,vbe09298,5.56643101,49.90937498,Sale,319000,House,House,40205,6640,2026.0,New,144.0,3.0,1.0,False,,False,,Luxembourg,Rue du Wez,33.0,,840.0,,,,,12232,
113,vbe09297,5.56643101,49.90937498,Sale,319000,House,House,40205,6640,2026.0,New,144.0,3.0,1.0,False,,False,,Luxembourg,Rue du Wez,33.0,,695.0,,,,,12225,
113,vbe09299,5.56643101,49.90937498,Sale,319000,House,House,40205,6640,2026.0,New,144.0,3.0,1.0,False,,False,,Luxembourg,Rue du Wez,33.0,,1065.0,,,,,12226,
114,rbv01968,5.7428896,51.0197869,Sale,291907,Appartment,Flat,33494,3650,,,95.0,2.0,1.0,,13.0,,,Limburg,Stadsgraaf,27.0,1.0,,,,,,10462,
114,rbv01969,5.7428896,51.0197869,Sale,291907,Appartment,Flat,33494,3650,,,95.0,2.0,1.0,,13.0,,,Limburg,Stadsgraaf,27.0,1.0,,,,,,10479,
115,vbd99071,5.8347247,49.5616942,Sale,310000,Appartment,Flat,47360,6791,2026.0,New,120.0,2.0,1.0,True,8.0,,,Luxembourg,Rue Floréal,12.0,1.0,,,,,,12007,
115,vbd99070,5.8347247,49.5616942,Sale,310000,Appartment,Flat,47360,6791,2026.0,New,120.0,2.0,1.0,True,8.0,,,Luxembourg,Rue Floréal,12.0,1.0,,,,,,12001,
116,vbd99073,5.8347247,49.5616942,Sale,320000,Appartment,Flat,47360,6791,2026.0,New,120.0,2.0,1.0,True,15.0,,,Luxembourg,Rue Floréal,12.0,1.0,,,,,,12009,
116,vbd99072,5.8347247,49.5616942,Sale,320000,Appartment,Flat,47360,6791,2026.0,New,120.0,2.0,1.0,True,12.0,,,Luxembourg,Rue Floréal,12.0,1.0,,,,,,12010,
117,vbe27993,5.8607928,50.5947922,Sale,118000,Appartment,Flat,27564,4800,1874.0,To renovate,86.0,3.0,1.0,False,,False,On contract,Liège,Enclos des Récollets,90.0,,,32208.0,,,False,5748,
117,vbe27989,5.8607928,50.5947922,Sale,118000,Appartment,Flat,27564,4800,1874.0,To be renovated,86.0,3.0,1.0,False,,False,On contract,Liège,Enclos des Récollets,90.0,,,19884.0,,,False,5752,
118,rbw08800,5.9522139,50.4543456,Sale,278000,Appartment,Flat,48986,4970,,New,87.0,2.0,1.0,,13.0,False,,Liège,,,,,,,,,5679,
118,rbw08799,5.9522139,50.4543456,Sale,278000,Appartment,Flat,48986,4970,,New,87.0,2.0,1.0,,13.0,False,,Liège,,,,,,,,,5682,
119,rbw08804,5.9522139,50.4543456,Sale,288000,Appartment,Flat,48986,4970,,New,87.0,2.0,1.0,,13.0,False,,Liège,,,,,,42.0,,,5683,
119,rbw08803,5.9522139,50.4543456,Sale,288000,Appartment,Flat,48986,4970,,New,87.0,2.0,1.0,,13.0,False,,Liège,,,,,,41.0,,,5681,
120,vbe31776,50.64567,4.36712,Sale,1090000,House,Villa,38563,1428,1971.0,To be renovated,300.0,5.0,2.0,,,,On contract,Brabant wallon,,,2.0,4800.0,,,,True,8887,
120,vbe31777,50.64567,4.36712,Sale,1090000,House,Villa,38563,1428,1971.0,To be renovated,300.0,5.0,2.0,,,,On contract,Brabant wallon,,,2.0,4800.0,,,,True,8896,
